,location_grouped
Moscow,696
St. Petersburg,323
Belarus,266
Russia,57
Chicago,44
Novosibirsk,30
Krasnodar,28
??????,25
Samara,23
London,19
Chelyabinsk,17
Voronezh,14
Amsterdam,13
Volgograd,13
Tomsk,13
???????,12
Michigan,12
Texas,12
Yekaterinburg,12
Barcelona,12
Yaroslavl,12
Melbourne,11
Vladimir,11
Rostov-on-Don,11
Ufa,11
Florida,11
"Wilmington, NC",11
Kazan,11
Prague,10
Tula,10
Almaty,10
Ohio,10
Omsk,10
Barnaul,9
Saratov,9
"Portland, OR",9
Stockholm,9
"San Diego, CA",9
Ekaterinburg,9
Vilnius,9
Krasnoyarsk,9
Connecticut,8
California,8
New Jersey,8
Philadelphia,8
Tallinn,8
Bryansk,8
Kyiv,8
Nizhny Novgorod,7
Toronto,7
"Melbourne, Australia",7
Madrid,7
São Paulo,7
Los Angeles,7
Arkhangelsk,7
NYC,7
Petrozavodsk,6
"Houston, TX",6
"Charlotte, NC",6
Podolsk,6
Denver,6
Warszawa,6
Nizhniy Novgorod,6
"Atlanta, GA",6
New York,6
Berlin,6
Indiana,6
Sydney,6
Brasil,6
Penza,6
Germany,6
Ryazan,6
Domodedovo,6
Singapore,6
moscow,5
Vienna,5
MA,5
Düsseldorf,5
Philly,5
Pittsburgh,5
Maine,5
???????????,5
Maryland,5
Irkutsk,5
Orenburg,5
"Sydney, Australia",5
"Los Angeles, CA",5
????,5
NC,5
Korolev,5
Belgium,5
Serpukhov,5
"Penza, Russia",5
Ireland,5
Sweden,5
Kemerovo,5
Kirov,5
Israel,5
"Washington, DC",5
????????????,5
Leeds,5
????????,5
"Richmond, VA",5
?????,5
Helsinki,5
Las Vegas,5
Default City,5
Paris,5
Perm,5
"Lancaster, PA",5
Canada,5
"Tampa, FL",5
Novorossiysk,5
"Phoenix, AZ",5
Saint P,5
?????????,5
"Oslo, Norway",5
Baltimore,4
Netherlands,4
Ukraine,4
Indianapolis,4
München,4
"Berlin, Germany",4
"Denver, CO",4
"Rochester, NY",4
Pennsylvania,4
Kiev,4
"Houston, Texas",4
CT,4
"Louisville, KY",4
Denmark,4
Saransk,4
Melbourne ,4
The Netherlands,4
Copenhagen,4
Lviv,4
Brazil,4
"Dallas, TX",4
Wisconsin,4
Canada ,4
Gomel,4
???,4
South Jersey,4
"Philadelphia, PA",4
"Gothenburg, Sweden",4
Sankt-Peterburg,4
Grodno,4
Sochi,4
Vladivostok,4
Praha,4
"Billings, MT",4
Odessa,4
"Buffalo, NY",4
Dublin,4
"Long Beach, CA",4
"Russia, Tula",4
USA,4
Finland,4
Tbilisi,4
"Raleigh, NC",4
Vitebsk,4
"Kyiv, Ukraine",4
Leningrad,4
PNW,4
Wilmington,4
Riga,4
Mensk,4
Thailand,4
Kostroma,4
Tyumen,4
San Diego,4
"Knoxville, TN",3
Norway,3
"Cleveland, OH",3
"Milwaukee, WI",3
Milwaukee,3
"Des Moines, IA",3
Chandler,3
"San Antonio, TX",3
São Paulo ,3
"Vancouver, WA",3
Obninsk,3
"Reno, NV",3
?????-?????????,3
Nashville,3
Frankfurt am Main,3
Vologda,3
Tokyo,3
Tilburg,3
"São Paulo, Brasil",3
New England,3
Kaunas,3
DC,3
"Helsinki, Finland",3
St. Louis,3
Munich,3
Washington DC,3
Tver,3
"Cincinnati, OH",3
"Reutov, Russia",3
NJ,3
"Pittsburgh, PA",3
Kursk,3
Stockholm ,3
PA,3
???????????? ,3
North Carolina,3
Almere,3
Tennessee,3
Izhevsk,3
Minnesota,3
Boston,3
Kaluga,3
"Portland, Oregon",3
Bishkek,3
"Tacoma, WA",3
Minneapolis,3
San Antonio,3
Kaliningrad,3
Holland,3
Miami,3
Rio de Janeiro,3
Ramenskoe,3
Zhukovskiy,3
"Stavanger, Norway",3
Dallas,3
Budapest,3
Milano,3
Orange County,3
Puerto Rico,3
Bruxelles,3
Erlangen,3
Brisbane,3
"Spartanburg, SC",3
Latvia,3
Apeldoorn,3
Scotland,3
Zurich,3
Montréal,3
"Warsaw, Poland",3
Rome,3
Italy,3
"Seattle, WA",3
MINSK,3
Miensk,3
Msc,3
Auckland,3
Manchester,3
Hamburg,3
"Rotterdam, The Netherlands",3
Göteborg,3
Volzhsky,3
"Hamburg, Germany",3
DMV,3
Massachusetts,3
Birmingham,3
Seattle,3
"London, UK",3
Leeuwarden,3
Colorado,3
Novosibirsk ,3
"Zurich, Switzerland",3
Mogilev,2
Paris ,2
Parts Unknown,2
Salzburg,2
Astrakhan,2
Colorado ,2
Padova ,2
Korolyov,2
"Norfolk, VA",2
Los Angeles ,2
"Stuttgart, Germany",2
Porto,2
Dnipro,2
Gatchina,2
????? ????,2
"Ukraine, Lviv",2
Kiel,2
Den Haag,2
New york ,2
"Nashville, TN",2
Petergof,2
"Uniontown, Ohio",2
Siberia,2
Doetinchem,2
"Prophetstown, IL",2
Zelenograd,2
"Fort Worth, Texas",2
Reutov,2
Belgorod,2
Ekb,2
"Denton, TX",2
"São Paulo, Brazil",2
Oslo,2
"Scottsdale, Arizona",2
Shropshire ,2
Rochester NY,2
California ,2
SALVADOR,2
Northwest Indiana,2
"Dublin, Ireland",2
Tampa,2
Malmö,2
Raleigh,2
"Russia, Belgorod",2
Vermont,2
"Tilburg, The Netherlands",2
florida,2
Beervaria,2
"Lviv, Ukraine",2
"Davenport, IA",2
New York City,2
Southern California ,2
Trenton,2
West Virginia,2
Ternopil,2
Khimki,2
NY,2
Columbus,2
"Hannover, Germany",2
Philadelphia ,2
"Brooklyn, NY",2
"Vancouver, BC",2
Togliatti,2
Arnhem,2
Pskov,2
"Russia, Omsk",2
Ljubljana,2
"Podolsk, Russia",2
?,2
Tambov,2
Krasnodar ,2
"Wellington, New Zealand",2
"Gainesville, FL",2
New York ,2
Limassol,2
Novomoskovsk,2
"Pensacola, FL",2
Antwerpen,2
Gdansk,2
"Akron, OH",2
Sacramento ,2
"Plains, PA",2
Zwolle,2
Cardiff,2
West Midlands,2
Kenosha,2
Velikiy Novgorod,2
Etten-Leur,2
Mytischi,2
Stavropol,2
South Florida,2
Beograd,2
Smolensk,2
"Green Bay, WI",2
Syracuse,2
Belém - PA ,2
"Dallas, Tx",2
"Atlanta, Georgia",2
Nottingham,2
Berlin ,2
SF Bay Area,2
"Gävle, Sweden",2
Greece,2
New Orleans,2
Everywhere,2
Montreal,2
Stuttgart,2
"Fort Collins, CO",2
Paphos,2
Adelaide,2
"Tbilisi, Georgia",2
samara,2
"Stockholm, Sweden",2
"Orange County, CA",2
"Fargo, ND",2
"Sundsvall, Sweden",2
"Miami, FL",2
Kharkiv,2
SATX,2
Kovrov,2
Gent,2
"Tel Aviv, Israel",2
Cork,2
Shaw,2
Sevastopol,2
Assen,2
Chula Vista,2
Virginia,2
"Kaliningrad, Russia",2
Weesp,2
"Madison, WI",2
"Brisbane, Australia",2
Lille,2
Serpuhov,2
"Copenhagen, Denmark",2
Bedford,2
"Leeds, UK",2
Severodvinsk,2
West Yorkshire ,2
Wadsworth Ohio,2
Floripa,2
"Long Island, NY",2
NY/NJ,2
"Davenport, FL",2
"Cambridge, UK",2
Colorado Springs,2
Antwerp,2
Missouri,2
"Wageningen, Netherlands",2
"Salt Lake City, Utah",2
Lyon,2
Petroskoi,2
MO,2
BY,2
"Springfield, IL",2
Switzerland,2
"Minneapolis, MN",2
Lisbon,2
Portland,2
NorCal,2
Connecticut ,2
"Greenville, SC",2
"Fort Mill, SC",2
"Kennesaw, GA",2
"Austin, Tx",2
"California, USA",2
Japan,2
"Sheffield, UK",2
Hrodna,2
Lyubertsy,2
Germany ,2
Espoo,2
Polotsk,2
TX,2
??????????,2
München ,2
NoVa,2
"Paris, France",2
Gold Coast,2
saint-petersburg,2
"Russia, Krasnoyarsk",2
Nürnberg,2
Belgrade,2
Nova Scotia,2
Haarlem,2
"Eau Claire, WI",2
Wisconsin ,2
Borisov,2
"Uppsala, Sweden",2
"Cornwall, UK",2
Atlanta,2
Omaha,2
Preston,2
"Orlando, FL",2
In the middle of nowhere,2
Leiden,2
"Oshkosh, WI",2
Bethlehem,2
Ramenskoye,2
Norilsk,2
"Almaty, KZ",2
Harrogate,2
San Francisco,2
"Bergen, Norway",2
"Madrid, Spain",2
Wroclaw,2
"Tokyo, Japan",2
minsk,2
"Kansas City, MO",2
"Charleston, SC",2
"Frederick, MD",2
"Fort Worth, TX",2
"Saint Paul, MN ",2
"Örebro, Sweden",2
Ottawa,2
Illinois,2
Dortmund,2
"Montgomery, AL",2
"Kharkiv, Ukraine",2
Utah,2
"Fayetteville, AR",2
Bangkok,2
"Wellington, NZ",2
"Vilnius, Lithuania",2
Panama,2
Novopolotsk,2
Australia,2
Worldwide,2
Bergamo,2
Zhukovsky,2
Russia ,2
Philly burbs,2
Hong Kong,2
Calgary ,2
Belo Horizonte,2
Novokuznetsk,2
msc,2
Crimea,2
Frankfurt,2
"Austin, TX",2
Iowa,2
Breda,2
"Zhukovsky, Russia",2
Tyumen ,2
St. Peterburg,2
"Solihull, UK",1
T E X A S,1
houston,1
"Illinois, U.S.",1
"Danvers, MA",1
Heerhugowaard,1
West Coast ,1
Hungary,1
SWFL,1
In de Turbo Polyp ,1
"Fareham, UK",1
"Arvada, CO.",1
"Ventura, California",1
"865, TN ",1
St Augustine ,1
Varginha/MG - Brasil,1
"Benton, KY",1
New Orleans ,1
"Omaha, NE to San Marcos, TX to Sioux Falls, SD",1
Memphis,1
Central MA,1
"Edison, NJ",1
Tumut,1
Orange County ,1
Skövde ,1
?. ?????-?????????,1
Brisrael,1
Maryville TN,1
"Gaithersburg, Maryland",1
Da boot ,1
RVA,1
Berkshire,1
Fort Worth,1
"Sanford, FL",1
Sherbrooke,1
Viña Del Mar,1
"Branford, CT ",1
"lebanon, nj",1
"Farmington, MN",1
SLC,1
Barueri,1
Santiago ,1
US,1
RRRR  ,1
"Bethany, CT",1
Quebec,1
"Emerald Isle, NC",1
"Austin, Texas",1
Texas ,1
"Ottawa, Canada",1
cramlington,1
"New Cumberland, PA",1
A Quiet Night Inn,1
Bliërik rock city!,1
"??????, ?????????, ??????",1
"Russian, Ul'yanovskay oblast, Dimitrovgrad",1
Twin Cities,1
Concord CA,1
"Butte, America",1
"Alabama,USA",1
"Anniston, AL; Greensboro, NC; Cranford, NJ ",1
"Parkers Paradise,  Whitewater, WI",1
The 570,1
"St. Louis, MO",1
"Abilene, TX",1
Anywhere The Wind Blows,1
East TX,1
"Kent, OH",1
Eagle Landing,1
"Lake Isabella, CA",1
Brewery,1
Niagara On The Lake,1
Hastings MN,1
"Milwaukie, OR",1
Köln,1
Bélgica,1
Warsaw // Tokyo,1
Norge,1
Oykos,1
"Owings Mills, MD",1
FALKIRK,1
US --> UK,1
"Frederick, Maryland",1
"Hurricane, West Virginia",1
Tlt ,1
Bar Cinyk,1
KRASNODAR,1
Srakorechye,1
Taman peninsula ,1
St. Petersbourg,1
??????? ,1
S N P,1
Belo Horizonte MG,1
Dorking,1
RUSSIA 66/96/196,1
"Melbourne, Oz",1
Nova Brewing Testing Facility,1
Beloozerskiy,1
Australia ,1
Belgium - Lochristi,1
"Currumbin Valley, Qld, Australia",1
The Bay State,1
The Yarra Valley,1
Yoshkar-Ola,1
Cape Town ,1
Miass,1
"Tyumen, Russia",1
TNKGRD,1
"Morgantown, WV",1
Ufa ,1
Michigan City,1
"Surrey Hills, Vic",1
Aus,1
Albenga,1
"Kotka, Finland",1
"Wisconsin, USA",1
Shanghai and Hong Kong,1
South Lake Tahoe,1
"Vancouver, CA",1
"Woodbridge, VA",1
"Chappaqua, NY",1
"Mass Ave, Indianapolis",1
Leduc County,1
910,1
Baarn,1
Locked in a room between Hell and Heaven,1
Dunedin,1
PDX,1
new jersey,1
Basildon.     Insta- craftbeer_punkprincess,1
CDMX,1
Landgraaf,1
"Nanuet, NY.. Jersey born & raised",1
"Luvia, Finland",1
New Hampshire,1
Curitiba ,1
"St. Paul,  MN",1
"The Wasatch Front, USA",1
Boulder,1
Rochester,1
"Porto, Portugal",1
LI,1
"East Coast, USA",1
Gdynia,1
"Corpus Christi, TX",1
Trinity,1
"Crofton, MD",1
Pozna?,1
Wiesbaden | Frankfurt ,1
Goiânia,1
Camas WA,1
On my way to the fridge for another beer...,1
"Athens, Greece ",1
"Middle Franconia, Bavaria, Germany",1
"Anchorage, Alaska",1
Wakefield,1
"Avon, IN",1
Westminster,1
Armthorpe and around the world .,1
Québec,1
Inland Empire,1
Colorado Beer Country,1
WestbyGodVirginia,1
Geelong,1
England ,1
"Bethesda, MD",1
Atlantic Highlands NJ,1
"Daytona Beach, FL",1
"Conifer, CO",1
"Portland, Maine",1
Deep in the HEART of Texas,1
"Oakland, CA, the Capitol of Earth",1
"Riverside, CA ",1
Cincinnati ,1
"Detroit, Michigan",1
"Fountain, CO",1
DFW,1
Enfield CT,1
"Springfield, Misery ",1
São Paulo / Brasil,1
Koolskamp/Ardooie,1
"Princenhage, Breda",1
Duisburg,1
"Annapolis, MD",1
"Rockville, MD",1
Liitiäinen's Homestead ,1
Indianapolis IN,1
North Dakota,1
Bern,1
"Templeton, Mass",1
"Gallarate, Italy",1
Scheibenhardt,1
Leverkusen,1
Christchurch,1
Tofte Norway,1
KAUKAUNA,1
"Billings, Montana",1
North Carolina ,1
"Brno, Czech Republic",1
Providence RI,1
Andernach,1
London / Adelaide / Wexford,1
OTP ATL,1
Central WI,1
Shropshire,1
"Beerhalla, Northern California USA",1
Monroe MI ,1
"Pinellas Park, Florida",1
Dave’s Beer Fridge,1
"North Palm Beach, FL",1
GrandMasterD Bar & Grill,1
Russland ,1
"Lubbock, Texas",1
"Toowoomba, QLD",1
"Wheat Ridge, CO",1
"Brisbane, Australia ",1
Yeovil,1
Glen Innes ,1
"J&O's Resort Summerville, SC",1
Mooroolbark,1
Newcastle Australia,1
Bournemouth,1
Greater Montreal,1
Florianópolis - Brazil,1
"Calw, Germany ",1
Phoenix and the beer bars of the world,1
"The Horseshoe Pit, Norf Cackalacky",1
"Leonardtown, MD",1
Casa de beer drinker ,1
East Haven,1
"Manteca, CA",1
München • Beograd,1
"Prince George, VA",1
"WI, USA",1
Enschede,1
80/20 Baltimore & Pittsburgh,1
"Chardon, Ohio",1
Hazleton Pa.,1
Always on the road. Always in Wisconsin at heart.,1
"Sarasota, FL",1
Cincinnati,1
Pisa (Italy),1
"Niigata,Japan",1
NW Florida,1
instagram - @omekid ,1
"Brooklyn, New York",1
"North Vancouver, BC V7K",1
Stockholm Sweden,1
Valognes,1
"Lawrenceville, GA",1
"Providence, RI",1
"Harrisburg, PA",1
916mikeCA,1
"Leiden, The Netherlands",1
"Pittsburgh, Pennsylvania, USA",1
"Loveland, CO",1
North Colorado,1
Appleton,1
Newburgh NY,1
"Paoli, WI",1
italy,1
The 253 Yo,1
Oosterwolde (FR),1
Cincinnati OH,1
Northern England,1
Asunción,1
"Leigh, Lancs",1
The Woo ,1
"Breda, The Netherlands",1
Philly 'burbs,1
"Casa Bartz, Talega",1
Bovolone,1
Avellino,1
"Fort Hunter, NY",1
Mijdrecht,1
Wageningen,1
Hoorn,1
Proeflokaal Zondagsrust,1
"Chorleywood, England",1
Noord Holland,1
San Francisco Bay Area,1
House,1
Düsseldorf ,1
"Landgraaf, The Netherlands",1
"Cappelle dei Marsi, Abruzzo, Italia ",1
"Clarkston, GA",1
Macomb ,1
"Council Bluffs, Iowa",1
Madrid/Zaragoza,1
"Worcester, Worcestershire",1
"Dover, NH",1
Aschaffenburg,1
"Flower Mound, TX",1
boston,1
Northern California,1
"Wildwood Crest, New Jersey",1
"NJ, FL & Everywhere in between",1
Raleigh/ Wilmington NC,1
"Suffolk, Ny",1
"Spokane Valley, WA ",1
"Rennes (Brittany/Bretagne), France",1
"""At Home""",1
"Barnegat Bay, NJ",1
Middletown Delaware ,1
Bogabrew,1
"Bel Air, MD",1
Beveren,1
"Nanuet, NY from Secaucus, NJ",1
San Jose CA ,1
"Nibbø City, Norway",1
"Centralia, Pennsylvania",1
Liege,1
Milan,1
"Lowestoft, Suffolk",1
"Robinson, IL",1
United States,1
Limburg - Nederland ,1
Woerden,1
"Gambrills, MD",1
"Willow Street, PA",1
On a trail somewhere,1
Georgia,1
Jyväskylä,1
Brick New Jersey ,1
Villa Rica,1
North Jersey,1
"Galloway, NJ",1
"Merrick, Long Island, New York",1
Golino,1
"Long Beach, NY",1
Cawood,1
Hardenberg ,1
Frank's Hooch Room,1
Adelaide Australia. ,1
Kaurna yerta,1
Denton,1
North-East Italy,1
One day I'll get to 10k. Brewers assistant @ Great River Brewery ,1
The Ricks House of Beers,1
Southern IL,1
"Hewitt, NJ",1
"BNE, QLD, AUS",1
Central Texas,1
" Basking Ridge, New Jersey",1
Casper Wyoming,1
Casper,1
Eau claire WI,1
"Casper, WY",1
Somewhere down the pub,1
"The Black Hole, CT",1
"casper, wy",1
South bend Indiana ,1
Brandevoort bij Eindhoven,1
Tavastia Proper,1
Shrewsbury ,1
LÅ,1
north carolina,1
Brews & Bites Beer Dungeon,1
Chandler AZ,1
"Tijuana, Baja California. ",1
San Antonio tx ,1
Culiacán Sinaloa,1
"Fall River, MA",1
"North Tonawanda, New York",1
Anderstorp,1
Somewhere In My Head,1
Carlisle,1
Newcastle upon Tyne,1
Sugar Land,1
CO,1
imola,1
"Erie, Colorado",1
Millersville Pa,1
"Newtown, Powys ",1
Planet earth ,1
Windsor Locks,1
Nieuwkoop Platvissendorp,1
Bob White West Virginia/Concord North Carolina ,1
Central Valley  CA,1
  Estonia ,1
N-Tagil,1
Newbold Coleorton,1
"Elkhart, IN",1
"Warren, Ohio",1
Asunción - Paraguay,1
Johnsburg,1
Turku,1
Virginia ,1
"Springfield, MO",1
"Greenfield, WI",1
"Shanghai, China ",1
"Gilroy, CA",1
"Decorah, Iowa USA ",1
"Kalamazoo, MI",1
Oregon,1
"Gig Harbor, WA",1
Westhoughton,1
"Leesburg, VA",1
"Manhattan, NY",1
"Sciota, PA",1
Monterrey,1
[JUR] + [ZEE],1
"Pleasant Hill, MO",1
08071,1
Brunswick West,1
"Sparta, NJ",1
GUATEMALA,1
WV,1
"Oakland, California",1
Vermont / New Hampshire,1
"Jupiter, FL",1
The Seaward,1
"St Clair Shores, MI",1
"Washingon, DC",1
"Nova Scotia, Canada ",1
"Fort Saskatchewan, Alberta",1
"Delaware, Ohio ",1
"Middlesbrough, NE",1
Edinburgh,1
Buffalo area,1
"Tempe, AZ",1
"Phoenix, Arizona",1
"Tucker, GA",1
KCMO,1
"Hamilton, Ontario ",1
"Comox, BC",1
"London, ON",1
"London, Ontario",1
"Sarnia, Ontario",1
milford,1
"Cambridge, ON",1
"Belpre, OH",1
"Wallingford, CT",1
San Pedro Cholula,1
"Guadalajara, Jalisco",1
"Belleville, Pennsylvania",1
chicagoland - san diego,1
"Calgary, AB ",1
"Earth, on occasion",1
Quebec/montreal ,1
Lukomorie,1
"Livonia, MI",1
Kristinehamn,1
Wesley Chapel,1
Middle Earth,1
"Hinckley, Ohio",1
Nebraska ,1
"Leander, TX",1
"Littlehampon, South Australia",1
Singapore ,1
STL,1
Lake County ,1
Hermosa Beach,1
Bracknell,1
"Decatur, Alabama",1
Philly/San Diego/SF/Oakland/DC/Bmore/,1
"Lakewood, CA",1
"I travel lots. Where ever I am, there I'm at",1
RC,1
Montevideo,1
"Denver, Colorado ",1
"Ogden, Ut",1
Bromley,1
Somewhre at the blue line,1
"Coppell, Texas",1
North West,1
"Edmonton, AB",1
The Brewdog ,1
Cask and Pig - Dartmouth,1
Konakovo,1
Zavyalovo,1
Middlesbrough ,1
Belo Horizonte - Brasil,1
Ivanovo,1
YEKATERINBURG,1
"nashville, tn",1
U.S.A.,1
"Plano, TX",1
Heaven or Hell,1
PDX ,1
Singapore & Beijing,1
"Anaheim, CA",1
Swedesboro,1
NH,1
"Franklin,TN",1
Colombia,1
"Dallas-ish, TX",1
DC Area,1
"Orlando, florida",1
Curitiba / Brazil,1
Kenosha Wi,1
Belo Horizonte ,1
SFO,1
"Sydney, NSW",1
"Sydney, AU",1
Denver~Beer Capitol of the World ,1
Canberra ACT,1
"Asheville, NC ",1
North Georgia,1
Where the progress is measured in pints...or maybe not...who knows!,1
"Palmerston North, New Zealand",1
Hunk a Lunk Da Casa,1
amersfoort,1
"Sioux Falls, SD",1
"Terrebonne, OR",1
Schererville,1
"San Diego, CA ",1
"Plovdiv, Bulgaria",1
The Giants Beer Bunker,1
Villa birra,1
"Manizales, Caldas, Colombia",1
The Netherlands (NL) Europe,1
Van City,1
"Prague, CZ",1
Curitiba - Brazil,1
"Oskarshamn, Sweden",1
"Russia, Default city",1
"Sunderland, UK",1
Linz,1
"Minot, ND",1
"Manchester, NH",1
"Montgomery, Al",1
"Tucson, Arizona",1
Roanoke Va,1
North side of Houston,1
"Jennings, LA",1
Shenzhen. China,1
Pocono Mountains,1
If you have to ask if it's too early you're an amateur and we can't be friends.,1
Plymouth ,1
"Freeland, MI",1
Northwest Colorado,1
"Pudsey, Leeds, Yorkshire",1
"Avesta, Sweden",1
"Zaporozhye, Ukraine",1
Hoogvensestraat,1
Adelaide South Australia,1
"Bologna, Italy",1
"Yateley, Hants",1
Dreumel Netherlands,1
"Tacoma, Wa",1
Ayr,1
London UK. Still claiming Philly tho.,1
Bierhauptstadt,1
Riga ,1
Franken,1
franken,1
"Plymouth, UK",1
West Island - MTL,1
Oceanside,1
"Vrhnika, Slovenia",1
"Madison, WI -> Oakland, CA",1
SCHWELM  •  Somewhere hidden in the hills of NRW  •  GERMANY,1
Strathaven Great Britain,1
"Coon Rapids, MN",1
Belleville IL,1
Toowoomba,1
North Raleigh,1
"Dormagen, right between Düsseldorf and Cologne, Germany",1
Groningen ,1
"West Fargo, North Dakota",1
"Shenyang, China",1
Manly,1
Wangaratta,1
glenelg east,1
"Santa Rosa, La Pampa, Argentina",1
Bay city ,1
West Philly Baby,1
"East Bridgewater, MA",1
"Dundee, Scotland",1
Hop-Meister,1
KS,1
Aberteifi,1
"Värmland, Sweden",1
Southsea,1
"Bern, Switzerland",1
"West Yorkshire / Manchester, UK",1
woerden,1
Fribourg,1
Stockport,1
dalkruid 29,1
"Youngsville, NC",1
"Wentzville, MO",1
England,1
"Beaverton, Oregon",1
"Brownsburg, IN",1
Kraków,1
Leesburg,1
Scherpenheuvel,1
Lee,1
"Vancouver, WA ",1
Carrollton ,1
"Allover (Lehigh Valley, Central & Western PA; Upstate NY; occasionally New England & Ohio)",1
Cambridge ,1
"Dover, FL",1
Heel,1
Norway - Sand - Nord-Odal,1
The Island of Living Puke,1
"Oswego, NY",1
Malmoe,1
"Monterey, CA",1
"Town of Farmington, Washington County, WI",1
Bert's Beer Garden,1
"Concord, NH ",1
El pino,1
Hessen,1
"Ogden, UT",1
"Vallentuna, Sweden",1
netherlands,1
In my mouth.,1
"Scottsdale, AZ",1
"Lowcountry, South Carolina ",1
Bonn,1
Karel Doormanstraat 42,1
"Karlstad, Sweden ",1
"The Hague, The Netherlands",1
"Šiauliai, Lithuania ",1
"Memphis, TN",1
Home bar,1
Krakow,1
Jersey City,1
"Almere, Netherlands ",1
"Spokane, WA by way of Buffalo, N.Y. and Las Cruces, N.M.",1
"Sweden, Uppsala",1
"Gravenhurst, Ontario, Canada",1
Bavaria,1
"Paris,France ",1
Innsbruck,1
Ladner,1
"Longmont, CO",1
laf/nola,1
"Timberlea, NS",1
"Pewaukee, WI",1
North Dakota ,1
The Slippery Toad Saloon,1
"DA NORTHWEST, now ViSTA CA",1
Paracatu Mg,1
"Vero Beach, FL ",1
"Zwolle, The Netherlands",1
"Kensington, MD",1
Frederick MD,1
columbiana,1
"saint cloud, mn.",1
"Pasadena, CA",1
"Poland, OH",1
"Bainbridge, Pa.",1
"Ede, Netherlands ",1
Koekange Drenthe ,1
Virginia City,1
holmen,1
CLT,1
"Southampton, UK",1
The 19426,1
Cleveland ,1
Bierpaus bierpaleis te buggenum,1
No Fixed Abode,1
"Kaluga, Russia",1
"Indianapolis, Indiana",1
"Santiago, Dominican Republic",1
The Thin White Duke of Sorö,1
Ennepetal / Germany,1
Deutschland Rostock,1
"Montgomery, Texas",1
"Portland, OR ",1
Bartlett Road Brewery,1
Marlins House,1
"Ormond Beach, FL",1
Timmendorfer Strand,1
"London | Wellington, NZ",1
Gelsenkirchen,1
"Saugus, Ma",1
North Idaho,1
"Mexicali, Baja California, México",1
"Walker, LA",1
"Neutral Bay, NSW, Australia",1
Queensland,1
"""So.Cal.""W.C.""local""][""E.C.""saltlife""",1
Hamburg Germany,1
Falkirk,1
"St Louis, MO",1
"Anchorage, AK",1
BeerSelfieQueen in the Land of Instagram,1
It's Millvale!,1
massachusetts,1
"Amsterdam, NL",1
WA/IL/NC/DC,1
Riverside,1
"Brentford, London",1
Charlotte or ? to a city near you!,1
"Moreno Valley, CA",1
Bellevue WA,1
Des Moines. IA,1
kittery,1
Killdeer ,1
"Linz, Austria",1
Utah mostly,1
"Jacksonville, NC",1
Ladner BC,1
MN/MO connection ,1
"Cleveland, Ohio",1
The Bottom of the Bottle,1
N'East ,1
Southern Illinois,1
New Zealand,1
"Borovichi , Novgorod great region",1
"Lowell, MA",1
Goiânia-GOIÁS-BRASIL,1
"Morris, Illinois",1
‘Er wher,1
Porto Alegre/RS,1
Vilnius. Lithuania.,1
GC. QLD. AUS.,1
Sibeeria,1
on way to valhalla,1
Radelaide,1
"Wesselerbrink, Enschede, Twente, Overijssel, Eastern Netherlands, The Netherlands, Europe",1
Simferopol,1
Somewhere and everywhere,1
oshkosh wi,1
Planet Beer,1
south carolina,1
Clearwater,1
Brisbane ,1
Morristown Tennessee,1
Wellington (Mostly),1
"Rocklin, CA To Bentonville, AR",1
"Caserta, Italy",1
Ekaterinburg ,1
Nicosia ,1
"Bialystok, Polska ",1
BluegrassTavern,1
Poland,1
"Yekaterinburg, Russia",1
"Toronto, Ontario",1
"Grantham, UK",1
"Windsor Locks, CT",1
Tweet Street Park,1
San Juan Mountains/Purgatory Ski Area,1
Tampa/Cleveland ,1
Terebun village,1
Hacienda de Cara Cara ,1
"Kanagawa,Japan",1
"Manchester,Oldham, M62, UK",1
Liver Let Die,1
Brno_Czech republic,1
"Canonsburg, PA",1
Taipei City,1
"Novorossiysk, Russia",1
Volgograd Russia,1
Filipok,1
"Astrakhan, Admirala Nakhimova",1
"Ivanovo, Russia",1
Krasnoznamensk ,1
"Arkhangelsk, Russia",1
Frederick,1
"Russia, Astrakhan",1
Russia Kazan ,1
Del Cerro,1
Euskal Herria,1
Northampton ,1
"Tallinn, Estonia",1
Rostov on Don ,1
Chester ,1
Khotkovo,1
Texas/Colorado,1
S-Pb,1
IN PIVO VERITAS | BIRDEKEL | MOSCOW,1
Vitebsk ,1
Athens Greece ,1
Tervakoski,1
Instagram: @etalon_zashity_yachmenya,1
Noginsk,1
Almaty ,1
Almaty Kazakhstan,1
"Denver, Milwaukee ""Brew City""",1
"Traverse City, MI ",1
"Traverse City, Mi. ",1
Valby / CPH,1
"Russia, Kaliningrad",1
Non located person ,1
Space,1
"Russia, Yaroslavl ",1
NSK,1
Novosib,1
"Almaty, Kazakhstan",1
"Odesa,  UA",1
Fryazino,1
"Khabarovsk, Far East, Russia",1
"Suisun City, NorCal",1
Echterdingen,1
Rimini,1
"Rolleston, New Zealand.",1
Pacific NW,1
"Adelaide, South Australia",1
Köping,1
Leicestershire UK,1
"Kingston, Ontario, Canada",1
"Hamilton, Ontario",1
Venice Florida,1
Private,1
The Hague (The Netherlands),1
Boise & Southern Calif,1
NEWCASTLE UPON TYNE,1
Pacific Northwest ,1
"San Jose, CA",1
"Henley on Thames, United Kingdom",1
"Borovnica, Slovenija",1
"Newington,  CT",1
South Carolina,1
Phoenix AZ,1
"Raleigh, North Carolina",1
Poulton-le-Fylde,1
"Fort Myers, FL",1
Ellie's place,1
Macclesfield,1
"Osaka, JPN",1
TX->MD->IL,1
Gällivare,1
"Budapest, Hungary",1
"Lewes, Delaware",1
"Glenmoore, PA",1
"Paderborn, Germany",1
Portsmouth ,1
Tarragona,1
04007,1
"Frisco, Texas",1
Casa Doane (San Diego),1
"Göteborg, Sweden",1
"Ruhr area, Germany",1
Hartshill ,1
"Nawfuck, VA",1
Northern Oklahoma,1
SE Michigan,1
"Freiburg, Germany",1
Kraków ,1
Southern Ont,1
BRAZIL ,1
Russian ,1
"Saratov, Technicheskaya 5",1
"Barkarby, Stockholm, Sweden",1
Sverige,1
"Jamesville, NY",1
"Udine, Italy",1
Alphen aan den Rijn,1
Beer chez Igor,1
Virginia Beach,1
NN,1
Denver CO,1
Ukraine/Dnepr,1
Syzran,1
"NV, USA",1
"Logansport,Indiana",1
Samara ,1
France ,1
?????????? ????? 117,1
"Saratov,Russia ( now Samara )",1
Zimbabwe ,1
Cuiabá - MT,1
Novouralsk,1
https://vk.com/craftbeerzheldor,1
XuMku,1
Zhukovsky DrunkDog pub,1
"Darwen, UK",1
Lipetsk,1
"Kazan, Russian Federation",1
"Sydney, Australia.",1
"beer diet, saint-petersburg, vosstaniya 37-39",1
"Tula, Russia",1
Juiz de Fora,1
St.P.,1
"Napa Valley, CA",1
https://twitter.com/snouttostout,1
"Kurgan, Kurganskaya Oblast'",1
Khimky,1
omsk,1
Bronx,1
"Bristol, England",1
"Grand Rapids, MI",1
"Bothell, Washington",1
"Telford, Shropshire",1
Nodge. ,1
Puerto Rico ,1
Southwest Virginia,1
"Fort Myers, Florida",1
"Hail from the 516, roots down in the 603, with a piece of my heart  in 215 forever be",1
"Trumbull, CT",1
The Vatican pub,1
Bayonne,1
"Upland, CA",1
Manheim Pa ,1
Ashburton,1
"Arlington, TX",1
Just a regular ole beer addict. @markuspendusmaximus on IG!,1
"St. Cloud, MN",1
Wadena,1
"Savage, MN. Hovering over a Weber near you",1
"MN -> DFW, TX",1
"Gex, France",1
Überall,1
Macon,1
Sleeping beneath Yggdrasil,1
PNW via Michigan,1
Seattle & BC,1
Chi-Town,1
"Heerlen, South Limburg - NL",1
Baton Rouge / Prarieville / Nola,1
"mobile, AL",1
Arizona ,1
"Vancouver, Canada",1
Chile ,1
"Joliet, Illinois",1
"Pensacola Beach, FL",1
"elkhart, IN",1
Salt Lake City,1
belgrade,1
Urban jungle,1
"Longueuil, Quebec",1
The Interwebs,1
"Tutbury, Burton-on-Trent",1
The tundra of Maine,1
Milford Indiana,1
"Durham, NC ",1
"Jona, CH",1
Taipei ,1
"Reading,UK",1
"Mount Vernon, IA",1
"Westland, MI, USA",1
"Los Angeles, CA, 90068",1
Bolton,1
Itzehoe,1
Welling,1
Petts Wood,1
Wolverhampton,1
"West Lothian, Scotland (People's Republic of)",1
Various Locations,1
Cnoc An Éan,1
Valhalla taproom,1
In a warm room,1
"Port Saint Lucie, FL",1
Tempe AZ,1
Auckland NZ,1
"Alegrete, RS / Brasil",1
Milwaukeetown,1
"Ames, Iowa. ",1
"des moines, iowa",1
Brooklyn,1
"Volvos Anonymous, Eagle Creek",1
Vaanberts Stulpje ,1
"Southern Cali made. LA, IE, OC",1
Mpls,1
"Brandenburg, KY",1
"Canterbury, England",1
raleigh north carolina,1
"Chula Vista, CA",1
"Podolsk, prospekt Lenina, 101",1
"Metuchen, NJ",1
"Coralville, IA ",1
The House of Ill Repute,1
Oreburgh City,1
"Memphis, TN USA",1
"Temecula, Ca ",1
"Edwardsburg, Michigan",1
"Katy, TX ",1
"Chili, NY",1
"East Lyme, CT",1
"Bothell, WA",1
Wahiawa,1
Bier Market,1
"Broken Arrow, OK",1
"Whitchurch-Stouffville, ON",1
Campinas,1
"Grand Island, NY",1
"Macomb ,Michigan",1
"????????, ???",1
NYC/Western Mass,1
"Hamburg, Germany ",1
"F- burg , pa. ",1
"Calgary, Alberta",1
Lund,1
"Elverum,Norway",1
Venray,1
"Trieste, Italy",1
Bruges Belgium,1
Sheffield,1
"Wyomissing, PA",1
Massachusetts ,1
The Brick Fortress,1
"Viera,  Florida ",1
"Havre de Grace, MD",1
"Cromwell, CT",1
"San Diago, California, USA",1
Gold Coast and sometimes Chinchilla,1
Subiaco,1
"Adelaide, South Australia via old London Town",1
Hillegom,1
"Paris, France ",1
 Middle Tn.,1
"Garland, TX",1
Southwest Arizona,1
The Spirit Room,1
"Kingwood, TX",1
"Yolo, CA",1
Colorado Springs/ Durango CO/Fort Collins,1
Chesterton,1
"Fayetteville, NC",1
"Appleton, Wisconsin ",1
Indy West Side,1
Brazil ,1
"Excelsior Springs, Missouri",1
"In the Barcade, Wallingford CT ",1
"Milford, CT",1
Morgantown,1
The Great State of Florida,1
"Gods’ own county of Yorkshire, UK",1
"Dillsburg, Pa",1
South Central Pennsylvania,1
Cheltenham,1
"Phoenixville, PA",1
Lancaster PA,1
A Devil In Wildcat Country,1
"Arlington, VA",1
"West Chester, PA",1
17111,1
"Reading, PA USA",1
"Liverpool, NY",1
"Glendora, Ca",1
"Bay Area, CA",1
Aberdeen Scotland ,1
Southern Tennessee,1
"Sparta, TN",1
Murfreesboro,1
"Elizabethtown, Pa",1
"Mechanicsburg, Pennsylvania ",1
Marsden,1
City of Angels,1
Central New Jersey/Eastern PA,1
Central CT,1
"Waterbury, CT",1
Bierhauptstadt Dortmund ,1
Ruhrgebiet,1
Danger Zone!!!! ,1
Cuyahoga Falls,1
Farrell PA,1
Bangalore,1
Elizabethtown Pa,1
"New Cumberland, PA ",1
"Lansdale, Pennsylvania, USA",1
Probably on the golf course,1
Ann Arbor,1
Thessaloniki,1
"Lancaster County, PA",1
Meppel,1
"Cambridge, MA",1
"Tampa, FL (via Nashville, TN)",1
"Patchogue, NY",1
"Surrey/Sussex, England",1
"Odessa, TX",1
19464,1
Czech Republic,1
Bobruisk,1
dunquestin,1
"Mexicali, BC",1
"Perkiomenville, PA",1
Méxicali,1
Porto Alegre - RS (Brasil),1
North Indianapolis,1
Maastricht,1
"Youngstown, OH (Liberty)",1
"Spokane, Washington ",1
Seville Ohio,1
Monsta Island,1
Around beer IL ,1
Tijuana / San Diego,1
"New Haven, CT",1
"Clifton, NJ",1
Syktivkar,1
#????? ,1
Montana,1
Warsaw,1
"Long Island, NY ",1
"Rancho Cucamonga, CA",1
Wyoming,1
Berks County & Beyond,1
"Holliston, MA",1
NO. VA,1
Fillin good,1
??????????????,1
ERMESINDE,1
NEPA / Lehigh Valley / Philly,1
"Redmond, Washington",1
Back in London,1
Sandnes,1
M,1
Svetlogorsk,1
bmore,1
rio de janeiro,1
07463,1
 Indiana,1
"San Antonio, TX ",1
Queens ,1
Ilkeston,1
"Anchorage, Ak",1
"Stamford, CT ",1
las vegas ,1
Lancaster PA ,1
"Vancouver, Washington ",1
Lafayette,1
Wuhan-Beer Game,1
"Erding, Bavaria, Germany",1
Gütersloh,1
Harrisburg,1
Kassel,1
Kronshagen ,1
Bethlehem ,1
Bethlehem Pa,1
New York & Boston,1
SterlingSpence’sHaberdashery and Mix Tapes ,1
BKK,1
Châtelet,1
Slovakia,1
warsaw,1
"East Prairie, MO",1
Tenerife,1
"Bakersfield, CA",1
Bakersfield Ca,1
Reno ,1
Circuit Riding throughout,1
"Lawrence, KS",1
Big Daddy's Beergarden Media ,1
Dallas ,1
Castle Rock CO,1
München/Munich Germany,1
Kestenholz,1
Leipzig,1
aabachbier Lenzburg ,1
"Jopenkerk Haarlem (as in the old one, in Europe)",1
"Augsburg, Bavaria, Germany",1
New Mexico,1
Diepoldsau,1
Fürth,1
Germering b München,1
Central Valley California ,1
"Lexington, Kentucky",1
Atlanta ,1
worldwide,1
The Show Me State,1
Mike’s Haze House ,1
"Midtjylland, Danmark",1
Ohio ,1
TN,1
Long Island NY,1
"Vallejo, CA",1
I like beer... open to trades...,1
Darlinghurst,1
#MT,1
Tony's Taphouse Sydney,1
Swansea,1
Bensville,1
June Lake California ,1
Ural,1
Mordovia,1
Russia Saransk,1
"Rockford, Illinois",1
"Was: Akron, Ohio; Now: Tampa, Florida",1
Your moms favorite bar... ,1
"Port Richey, FL",1
"Baltimore, MD",1
"By the meandering River Avon, Offenham, UK",1
Rio de Janeiro - Brasil,1
Castle Black,1
"Victoria, BC",1
Lancashire,1
BUNGERLEY,1
"Reno,Nv",1
Glen Burnie Maryland,1
"Huntington, WV",1
Somewhere that has craft beer,1
"Tremont Place, Five Points, Denver, CO",1
Sugar Hill GA,1
63385,1
"Kansas City, Missouri, USA. ",1
The GREAT STATE of TEXAS,1
Norwalk Ohio,1
K-Town,1
"Newark, NJ",1
Sweden ,1
So Cal,1
Lillehammer,1
Tula ,1
Yuzhno-Sakhalinsk,1
Yagodnii,1
Vilyuchinsk,1
Odi_city,1
"Yaroslavl, Russia",1
China,1
Bloody Dust City,1
"Tula, Russian Federation",1
"Kazan, Russia",1
Northern New Jersey,1
"France, Vendée ",1
Upplands-Väsby,1
Digital nomad,1
"Gelendzhik, Russia",1
Mensk : Crivia,1
WESTVLETEREN,1
Top Hops,1
Carcosa,1
"Velikie Luki, Pskov Oblast, Russia",1
Velikie Luki,1
Surgut,1
Russian Federation,1
"Pasadena,CA",1
"Bangkok, Thailand. Japan, sometimes.",1
"Tveta, Södertälje, Sweden",1
"Laguna Beach, CA ",1
Manchester UK,1
Biržai,1
Yaroslavl’,1
City of hate,1
Dnipro(Ukraine)/Bamberg(Deutschland),1
TLT,1
Detchino,1
Port bar,1
"Russia, Kazan",1
 Soligorsk,1
Kolpino,1
Chernushka,1
"Russia, Syberia, Kuzbass, Kemerovo",1
Peachtree City GA,1
"Novosibirsk, Russia",1
Spain,1
"Vancouver, Washington, US",1
Hudson Valley ,1
"Belgium, Flanders",1
"Pottstown, PA",1
"Leesburg,  VA",1
"Denton, TX. ",1
Uzgorod,1
BeerJoy,1
Barneapol,1
Pivoluchshe,1
Antalya Turkey ,1
"Balmora

Vvardenfell",1
New York State,1
"Kazan, Russia ",1
Southport,1
Sevastopol=>Vladivostok,1
"Milan, Italy ",1
Pushkino,1
"Anyhow, Anytime, Anywhere",1
"Newcastle upon Tyne, England",1
Zheleznodorozniy MO,1
"Russia [50,77]",1
west coast,1
Wiregrass Region ,1
Valpo IN,1
Newport ,1
Raleigh North Carolina ,1
"Buffalo,N.Y. ",1
"Yateley, Hampshire ",1
Colorado/ New Hampshire,1
UK,1
Luminous Bar,1
Italy (PN) / Australia,1
Zelenograd|Vladimir,1
"Clayton, NC ",1
"Russia, Ekaterinburg",1
Pennsylvania ,1
Bury st edmunds,1
Tilburg ,1
moskwabad (mordor) / astana ,1
Greensburg,1
"Blg, Russia",1
Bereza,1
SAMARA,1
Middle England,1
Swindon,1
Mi Casa,1
Filipstad,1
Moskau,1
"São Paulo, Vancouver",1
Brasília,1
"Olympia, WA",1
"Littleton, Colorado",1
"Somewhere, probably drinking a beer, in the Niagara Region, Canada",1
"Eindhoven, the Netherlands",1
"Rijen, The Netherlands",1
Where the beer is!,1
"Beerklahoma City, Beerklahoma",1
"Bedford, TX",1
"Midwest, USA",1
Wilmington DE,1
Luminous bar,1
Rusty pub,1
Rostov on Don,1
Nab.Chelny. Tatarstan,1
Leningrad region ,1
"Vladimir, Russia",1
The Outer Reaches Of Your Mind! ,1
???????? ,1
Taganrog,1
"Taganrog, Russia",1
@kultura_stv,1
Probably on a bar stool next to you trying a new beer!,1
"Chapel Hill, NC",1
Bronnitsy,1
forest,1
Volgodonsk,1
"Mexico City, Mexico",1
I'm around.,1
instagram: @valentino88orel,1
"Westwood, MA",1
"Milano, Italy",1
Keller Tx,1
30324,1
Komsomolsk-on-Amur,1
Mesa Arizona,1
Share House ,1
Odintsovo,1
Limassol ,1
"Peterborough, UK",1
Local station,1
Toronto / Galapagos Islands,1
"Russia, Yekaterinburg, st. Stachek, 4 | PIVMIR | ??????",1
UFA,1
"Hopedale, Mass",1
Paradise!  @spawn.3521,1
"Russia, Rostov-on-Don",1
"Earthquake Capital of the World (Hollister, CA)",1
Japan ,1
ODESSA,1
"RWB, UK",1
Telegram: t.me/topivo,1
"Roosendaal, The Netherlands",1
Muskoka,1
"Fairfax, CA",1
"Chi-Waukee, McHenry County, IL, USA",1
"Málaga, España ",1
"Long Island, Rust Belt, & SoFlo",1
"Burlington, KY",1
Oregon ,1
P.R.C,1
Maassluis,1
North Jerzee,1
"Upplands Väsby, Sweden",1
Gouda,1
Roma,1
"Michigan, US",1
Longmont Colorado ,1
"Waukee, IA",1
Dragon’s Lair,1
S.W.F.L.,1
"Merate, Lombardy, Italy",1
Hartford CT,1
"Russia, Tyumen",1
Zaporizhia,1
Ringgold va,1
"Lower Pottsgrove, PA",1
Viginia ,1
São Paulo BR,1
Beer'Town',1
SPAIN,1
Collingswood NJ,1
Niterói - RJ,1
california,1
"Whittier, CA",1
Rochester Ny ,1
Victoria,1
"Hartford, Wisconsin",1
Bonnac-la-côte,1
Krd/Nvrsk,1
"Urbandale, IA",1
Nancy,1
"Yorkshire, England.",1
ekaterinburg,1
youtube.com/middlesidetopwise,1
"Belfast, Northern Ireland",1
Balashiha,1
Draft beer,1
Vitoria_Gasteiz,1
"Saint P, South-West",1
Uruguay,1
Boynton Beach,1
"Volgograd, Russia",1
"Upton upon Severn, Worcestershire. ",1
Falun,1
Kannapolis NC,1
"Warwick, UK / Cape Town, SA",1
"Lyon, France",1
-,1
48°52.6'S 123°23.6'W,1
"Wayne, PA",1
Odincovo Trehgorka,1
"Grand Blanc, MI",1
"Russia, Yaroslavl",1
Harris Township,1
Gdansk/Lodz,1
"Vancouver, BC ",1
Bovenkarspel,1
"Beverly, MA",1
MKE->PHX->SD,1
"Oxford, MS",1
San Diego California ,1
San Jose,1
Las Vegas ,1
London ,1
Kolomna,1
orgrimmar,1
Córdoba ,1
"Dorset, England",1
"Ontario, Canada",1
"De Pere, WI",1
"Ensenada, BC.",1
"Kurgan, Russia",1
GA,1
North London,1
"Mytischi, Russia",1
Denver  ,1
Krasnoyarsk/Novosibirsk,1
krasnoyarsk,1
Deutschland / Kazakhstan,1
BeerTeam,1
Zaslavl,1
TBS,1
"Russia, Irkutsk",1
Nizhny Novgorod — Isehara,1
St. Pete,1
Charlotte,1
Sint-Niklaas,1
China Hubei province Wuhan,1
New Zealand ,1
Cambridge / Norwich,1
"Oceanside, CA",1
Malmö ,1
Great White North,1
"Oakland, CA",1
03038,1
Michigan / North Carolina ,1
Glasgow,1
"DFW, TX",1
Perth,1
058,1
"Sacramento, CA",1
"Perth, Scotland ",1
"Sweden,  Örebro",1
603,1
@_an_gelka,1
amsterdam,1
Waynesboro PA,1
"Plymouth County, Massachusetts, USA",1
"Falls Church, VA",1
Edmonton,1
Cyprus ,1
ATX & PlanoTX,1
Eau Claire Wisconsin,1
Cluj,1
"Holmsund, Sweden",1
"MetroWest, Boston",1
"Tipton, IN",1
DETROIT vs Everybody,1
Saftbygda,1
Essex,1
Calais,1
Reims,1
"Arlington Place, Beavercreek, OH",1
"West ""By God"" Virginia",1
Breda ,1
Scotland ,1
Luxembourg (formerly Denmark),1
München Germany ,1
FL,1
Montpelier,1
"Cody, WY",1
????? ??????,1
"Cincinnati, OH, USA",1
"Auckland, New Zealand",1
Crown Point,1
Barricad street 51/9,1
"Bend, Or",1
Nakhabino,1
????.???.,1
"Kazakhstan, Astana",1
UHKD,1
Insta / Telegram: Photoshop this beer,1
"Ekaterinburg, Russia",1
"Russia, Orel",1
Currently Oregon,1
"Bryansk, Fokinsky district",1
Saint Louis ,1
"In the beer zone, of course!!",1
Thornville,1
Blizhny Zamkadsk,1
MOW,1
"Belgorod, Russia",1
"????????, ??????",1
Nebraska USA,1
"Bar, Literally",1
"Boxtel, The Netherlands",1
"Alunda, Sweden",1
Michurin Park,1
North Carolina - USA,1
Gilena (Sevilla),1
"Russia,Samara",1
Khabarovsk,1
"PavPos, Russia",1
Permcity,1
 Tel Aviv,1
Gomel ,1
"Bristow, VA",1
Russia Khanty-Mansi Autonomous Area,1
Duesseldorf,1
Dreamer,1
"Bristow, Virginia",1
Northern VA,1
"Kemerovo, southwest Siberia, Russia",1
"Geneva, Switzerland",1
"Novosibirsk, Siberia, Russia",1
Baltiysk/Kaliningrad,1
Iðavöllr,1
MaskwaBad,1
Steppe,1
Nikol'sko-Arhangel'skit,1
Reutov / Tuttlingen,1
"Russia, Default city -> Montenegro",1
"Chelyabinsk, Akademika Makeeva 26.",1
Genève,1
Northern Germany ,1
LiAZ City,1
"Rybinsk, Yaroslavskaya oblast'",1
DomBreW,1
Border of the galaxy,1
District bar,1
"Ñuñoa, Chile",1
Sankt Peterburg,1
"Bamberg, Upper Franconia, Bavaria",1
Batumi,1
Mosvegas,1
TBS|Belinskogo108  TBS|Tatishcheva18,1
Neverland,1
Volgograd  TZR,1
"Russia, Arkhangelsk",1
Curitiba-PR,1
757 VA,1
Extremadura & Madrid. Sometimes Barcelona,1
Rammland,1
Austria,1
Default city,1
"Dallas/Fort Worth, Texas",1
"Naples, Italy via San Diego, CA",1
https://vk.com/shmel_pivo_craft,1
San Diego ,1
Far East cost Russia. Vladivostok,1
Munich • Bavaria • Germany,1
Tuapse,1
Schelkovo RF  ,1
Mos kow,1
ShitCity,1
???????????????,1
Michigan ,1
Manhattan,1
Tel Aviv israel ,1
"Albuquerque, New Mexico",1
"Kurgan, Russian Federation",1
"Seoul, South Korea",1
Northeast PA,1
Moncks Corner SC,1
WhereMyHeartIs ,1
northeast ohio ,1
West of 10 Brewing ,1
"Victoria, Australia",1
"American Canyon, CA",1
Scunthorpe,1
Hopifornia,1
Worcestershire UK,1
Michigan ??,1
"Craft I Burger, Skhodnya",1
"Berlin, GERMANY ",1
Istanbul,1
OBNINSK,1
HopShop,1
The Dawg House,1
??????-???,1
NL,1
"Dorset, UK",1
"Shenzhen, China",1
Beru Vyhodnoy ,1
Deutschland,1
SBG 1980,1
Waghäusel,1
Russian Empire,1
????? ??????? ???,1
"Zagreb, Croatia",1
Brouwcafe Frontaal,1
Münster,1
Schlumpfhausen,1
"Onett, Eagleland",1
Sheregesh Ski Resort,1
Inst: @beer_team_opk,1
"Bloody Corners, Ohio",1
"Lille, FR",1
"Manchester, CT",1
Nebelsbad (Republic of Zubrówka),1
"the poconos, PA",1
Here and there,1
The Great Pacific NW,1
Freiburg im Breisgau,1
"Veracruz, México",1
"Savannah, GA ?? Boulder, CO",1
Baltimore ,1
Rivne,1
Mother Russia,1
Kristiansand norway,1
Docker pub,1
bierversuche.ch - Switzerland,1
Edinburgh Scotland,1
P L A G U E    B R E W ,1
"Littleton, CO",1
Beervaria ,1
"Forney, TX ",1
"Voronezh, Russia",1
"Beograd, Srbija",1
"Caulfield South, Australia",1
Canton GA,1
Klintsy,1
I come from a land downunder,1
"Houston, Tx",1
"Towson, MD",1
South of Lake Erie ,1
"Mandeville,  La",1
R?ga,1
"Riga, Latvia",1
Central Minnesota,1
Hayastan ,1
"Yerevan, AM",1
USSR,1
NIzhnevartovsk,1
Tønsberg/Norway,1
zelenograd,1
Skhodnya,1
Zagreb,1
Samobor,1
?????? ,1
Grodno/Bialystok,1
"Cary, NC",1
"Székesfehérvár, Hungary",1
Somewhere in the 406,1
PNW beertopia,1
Omsk ,1
Kryvyi Rih,1
France,1
Berezniki Perm region,1
Universe X,1
Vorden,1
My style from the darkside,1
España,1
Hungary ,1
Costa del North Down,1
Fucknutz Brewery,1
"Denver, Colorado",1
"Ormesby St.Margaret, Norfolk ",1
Trash City,1
"Cedar Park, Texas",1
Knottington,1
Albany NY,1
"Goiânia, Brasil",1
Leeds England,1
Orel & Yerevan,1
Ingermanland,1
Chile,1
"Naples, FL",1
"Pittsburgh,PA",1
Scunthorpe ,1
Nor Cal ,1
Amour,1
Rainworth,1
Rio de Janeiro ,1
From Tbilisi to Buenos Aires,1
OHIO,1
"NRW, Germany",1
North North VRN,1
Sipping Station,1
Low Country SC USA,1
Native New Orleanian living in Knoxville area,1
Kazan ,1
"Winsford, Cheshire",1
Tolyatti,1
City of Satan,1
????? - ?????????,1
Patriot,1
"Tula , Russia",1
"Russia, Ênergodar",1
Yo-city,1
Ekat,1
Novgorod the Great,1
"Beerston, Kolomensksya str. 12 k1",1
"Kaluga, RU",1
Almaty-Praha,1
"Russia, Orenburg",1
Ohio and Beijing China,1
Fredo's place,1
From Valencia with love!,1
Northeast Ohio,1
Pasadena MD,1
"Leiden, NL",1
Hills of TN,1
???? ??????,1
KURGAN/OMSK,1
Tatarstan,1
"St.  Louis,  mo",1
"SH, CN",1
"Ailoche (BI), Piedmont, ITALY",1
Oldenzaal,1
Northern Sweden,1
Bad Lauterberg - Germany,1
"Vilnius, Lithuania ",1
Bratislava,1
Vladivostok ,1
naberezhnye chelny,1
Kurgan,1
"North Korea
",1
BC,1
Craft Corner,1
Vladimir ,1
VRN,1
"Georgy Isakov 128 Barnaul, Altai Krai",1
"GBG, Sweden",1
Kansas,1
"Charlton, London",1
OTT/ON/CA,1
Yasenevo,1
Brest,1
Sidorova house,1
Lisboa,1
Cherepovets,1
Sterlitamak,1
@artesanava #PintasCooLPTY,1
My beerloga,1
Voronezh ,1
berlin/st. petersburg,1
beer:cerveza:bier:birra:alus:piwo:bira:pivo:olut ,1
nizhnevartovsk,1
Gusi brewery,1
Bergen op Zoom,1
Gatchina ,1
"Milan, Italy",1
"Bethlehem, Pa",1
"Smolensk, Russia",1
"Broken Arrow, OK ",1
"Russia, Ryazan",1
Strogino,1
Orel ,1
"Memphis, Tennessee",1
HOUSTON,1
"Appleton, WI",1
"Mill City, Oregon",1
La Quinta Ca,1
"Baku, Azerbaijan ",1
"Assen, the Netherlands.",1
«The World Is Not Enough»,1
"Tasman, New Zealand",1
sofia,1
Eindhoven,1
"Kazan, Tatarstan",1
Zeeland N-B Holland ,1
MOSCOW,1
Milton Keynes England,1
Ivana Franko 40 ,1
"WAUSEON,OHIO",1
MAN CAVE,1
"Canterbury, Kent, UK",1
"Louisville, Kentucky",1
Richmond ,1
"Calgary, AB",1
"Bellerose, Queens ",1
"Melbourne, AU",1
São Paulo SP - BR,1
Southwest Arizona ,1
Penápolis - SP   BRASIL,1
Nizhnevartovsk,1
Belo Horizonte - Brazil,1
Mike's in the Middle of the Midwest ,1
Panamá,1
Milldale CT,1
Central Iowa,1
"Holland, Maassluis",1
"Lee’s Summit, Missouri",1
Oulu. Finland,1
"Branson, MO",1
Barnaul ,1
The District,1
"??? ""12/1""",1
Olam Aba,1
Arizona,1
Native New Yorker/Michigan transplant,1
"Russia, Samara",1
"Russian federation,odintsovo",1
Doboj,1
Tampa Bay,1
Narva,1
"Latvia, Riga",1
"Bishkek, The Kyrgyz Republic",1
WI/IL - Right Shifted Scores for Valid Reasons,1
"Elsloo, Limburg",1
Cape Breton ,1
"Wernersville, PA",1
Planet Earth,1
"Garrett, Indiana, USA",1
"Palatka, FL",1
NanJing China,1
Central Massachusetts ,1
Mississippi,1
Chilliwack BC,1
"Westchester, California",1
BALTIMORE >> JERSEY,1
????????? 1,1
"La Serena, Chile",1
Novorossyisk,1
Kalancha,1
Nvrsk,1
Benalmadena,1
"Wollongong, NSW, Australia",1
"Perm, Russia",1
"Charleston, West Virginia ",1
Darby's American Cantina,1
Terracina (Italy) - facebook.com/fabformeg,1
london,1
"Pontiac,Michigan",1
Atlanta area,1
C.so Regina Margherita 108 Torino,1
"Salem Lakes, WI",1
Saint charles ,1
Papendrecht,1
WWW.BIERENBROUWSELS.NL DORDRECHT,1
"Woodbridge, NJ",1
Buenos Aires,1
Monselice - Italy,1
Somewhere biding time...,1
"Ann Arbor, Michigan",1
Ipswich Town,1
"Searching for the “Perfect One Beer” W. Seattle, Wa. ",1
Stavanger -Norway,1
Vancouver & Island,1
Ft. Lauderdale,1
"Concord, NH",1
Magnitogorsk,1
" nsk, msk",1
"Abington, MA",1
Bayern München,1
"Indiana, USA",1
McKinney TX,1
"NW Indiana/Maunabo, PR",1
"Chelmsford, England.",1
Hull UK,1
Brussels ,1
Finland - Esbo,1
The Bush,1
Mainz,1
"Russia, Tver",1
Volga mama,1
HSV,1
Montgomery TX,1
Mid-Atlantic,1
"Richmond,VA",1
Lake Stevens ,1
Living the dream 1 new beer at a time. Life is 2 short 2 drink the same tasteless beer ,1
"Rzeszów, Poland",1
SoCal,1
"Montes Claros, Brazil - Los Angeles, USA",1
Ciudad de México,1
"Muskegon, MI",1
Aguadilla P.R.,1
????????? ????????,1
Krasnodar/Orel,1
"Edmonds, WA",1
"Orel, Russia",1
"Russia, Novomoskovsk ",1
Okolomoscow,1
Astana,1
Slovenia,1
NYC & CT,1
"Cernusco Sul Naviglio (Milan) and Ravenna, Italy",1
D-279,1
dynamo,1
"Balabanovo, Kaluga region",1
Svinokrylsk,1
"Russia, Saratov",1
"Korolyov, Russia",1
"Weyhe, Niedersachsen",1
Stavanger ,1
Northampton,1
Hipster Avenue Productions/Nori Brewing,1
Brew Mahal ,1
Cyprus,1
Greater Copenhagen,1
Dungeon,1
Krasnogorsk,1
Berezniki,1
Junk Bar,1
Beerlandia,1
Samara.Russian Federation,1
"Petrozavodsk, Karelia",1
Elets,1
Bilbao,1
"Druten, The Netherlands",1
Wuppertal ,1
"Piter, no ne Parker",1
"Yorktown, Va. ",1
Costa Rica,1
Honolulu,1
Ministry of Beer and Decadence,1
"Haarlem, the Netherlands",1
"Leidschendam, NL",1
 The Great Beer State,1
"Aleksandrova, 9",1
"Russia, tatarstan",1
"Parsippany, NJ",1
Insta: thrasher.vet,1
"Siberia, Tomsk",1
Westgate-on-Sea ,1
"St. John's, NL",1
Euskal herria,1
"Monument, CO",1
"Kharkov, Ukraine",1
Odessa Mama,1
Zaragoza ,1
Murino,1
Kupchino--is the capital of the world),1
"Lincolnton, NC. USA",1
"Groveland,  IL",1
NEPA,1
"Baltimore, Maryland",1
"La Jolla, CA",1
"Farmington, NY",1
Red Rabbit ,1
Orlando,1
Orlando Florida,1
Indianapolis ,1
orlando,1
Dingwall,1
"Houston, TX gal living in the UK",1
"Rugby, Warwickshire",1
"Russia, Voronezh",1
"Westfield, IN",1
Amersfoort ,1
Calgary AB,1
"Redding, CA",1
"Roseville, CA",1
Beerkeeper,1
"Buffalo, New York",1
"São Paulo, Brazil.",1
Yerevan,1
Novosibirsk - Ufa,1
novosibirsk,1
" London,England",1
"Kenmore, WA",1
"Alameda, Ca",1
"Castricum, Netherlands",1
"Coventry, RI",1
"Northbrook, IL",1
Treyser room,1
Lima-Perú,1
Rio do Sul - SC,1
Novokuznetsk ,1
Calw - Schwarzwald,1
DE,1
"Fishers, IN",1
Haaltert,1
Ninkasi's Terrace,1
"Dallas, Texas",1
"Orsk, Russia",1
"Tyne and Wear, England.",1
Always Roaming,1
"Viña del Mar, Chile",1
480,1
Knapstad,1
"Wauwatosa, WI",1
"Waterford, MI",1
"Battleford,Sk",1
"Howell, MI",1
"Rockford, IL",1
San Antonio ,1
Zwolle - The Netherlands,1
"Durham,NC",1
Pound Town,1
southport,1
"Franca, SP",1
"Menifee, CA",1
"Queens, NY",1
Midwolda,1
"Salisbury, MD",1
Huntington,1
St. Louis area,1
Central Oregon,1
"Huntington, New York",1
Kumla,1
78666,1
Dayton Ohio ,1
Bay Area,1
"Springfield, Missouri",1
Chico,1
The Big O,1
"Tempe, Arizona",1
Gagarin Craft Bar,1
Brasil ??,1
"Brasília, Brasil",1
"Skeisvannsv 5b, 5519 Haugesund",1
Wien,1
"Birmingham, UK.",1
"Springfield, Mo",1
Göteborg/Sweden,1
Waterloo,1
"McSherrystown, PA",1
"Boston, MA",1
"Mishawaka, IN",1
Rennes,1
"Saint Louis, MO",1
Doncaster ,1
Cumbria,1
"Charlottesville, VA",1
"Temecula, CA",1
"San marcos, ca",1
"Berkhout, Holland!",1
"Niskayuna, NY",1
Chattanooga,1
Ontario,1
Memphis TN,1
Breweries R Us,1
"Edmonton, AB ",1
Charleston,1
Orsk,1
Wien - Odessa,1
Petrograd,1
MD  FL,1
"Danville, PA ",1
United Kingdom,1
"Dettingen an der Erms, DE",1
Las Islas de Filipinas y Estados Unidos,1
"Walworth, NY",1
O-Hi,1
KHotkovo,1
"Asuncion, Paraguay",1
"Numazu, Japan",1
Oktyabr’skiy,1
Byyyxpajjens Place ,1
Vancouver WA,1
SCS,1
N.C.,1
At the yard,1
Maryborough QLD,1
Hartley Wintney,1
"Shamrock & Thistle South    Naples,FL",1
Bergen,1
My Outdoor Oasis,1
Nizhny Novgorod ,1
sweden,1
"Tatarstan,  naberegny chelny",1
PGH,1
"Ft. Mill, SC",1
"Concord, NC",1
Cocoa fl,1
"Rome, Italy",1
Kristys Sun and Suds,1
Cologne,1
Brasília Brasil ,1
"New Market, Maryland ",1
"SLC, UT",1
"Boise, ID",1
"McCall, Idaho",1
"Easton, PA",1
Ontario ,1
Jersey Shore -> Brooklyn -> Denver,1
East Windsor ,1
Dinajpur,1
Moldova,1
S-Peterburg,1
Baden,1
"Da doma ia, Doma!!!!",1
Gorod nad vol’noy Nevoy,1
"Vigil, Ohio",1
??????-??-???? ,1
"Lincoln University, PA",1
Helsingborg,1
Delta Colorado ,1
"Tampere, Finland",1
Dordrecht,1
Scotland / Switzerland,1
Niederkassel ,1
Basel,1
Züri Unterland,1
Skreets,1
THE CRAFT BAR by MM,1
Chita,1
Dyrishche,1
"Russia, Lipetsk",1
chicago,1
46203,1
Alcobendas (Madrid - Spain),1
"Smyrna, Georgia ",1
Viana do Castelo ,1
Genova Sampdoria ,1
"Maastricht, Netherlands",1
Generalmente Buenos Aires,1
Avilés,1
"Whistler, B.C.",1
J.D. McFunigan's,1
Exeter Twp,1
"Daleville, Va",1
"Russia: Stavropol Kray, Krasnodar Kray, Rostov-on-Don... ",1
Lithuania,1
Jersey CI,1
Nyköping,1
"Floda, Sweden",1
Tamworth,1
Somerset ,1
Huntingdon UK ,1
"Arcore, Italy",1
"Mesa, AZ",1
"Ambler, PA",1
"Las Vegas, NV",1
"The Beave, Oregon",1
Nevada ,1
"Montreal, Canada",1
"Gothenburg , Sweden",1
"Haymarket, Va.",1
Laingholm,1
SF / PDX,1
council bluffs iowa,1
"Sukhumvit, Bangkok",1
"Middelburg (Zeeland), The Netherlands",1
Vinhedo/SP,1
"Oregon, WI",1
"Ontario, CA",1
U.S.,1
The Double G Spot,1
Lake,1
30700 Uzès ,1
Trollhättan,1
"Bonn, Germany",1
Luxembourg,1
"Hayward, CA",1
Parkes NSW,1
Ashkelon,1
Valinhos | a terra do figo roxo,1
"Tula,Moskva",1
"Lawrenceville, ga",1
Argentina ,1
Canterbury ,1
Santa Cruz mountains ,1
"Minneapolis, Minnesota",1
Pavlovsky Posad,1
"louisville, ky",1
"Oshkosh, Wisconsin",1
Cleveland,1
"Portland, ME",1
"CascaHell, Brasil",1
Strathspey,1
Wheels Up,1
Planet X,1
(east-central) Indiana,1
Stalingrad,1
Beek en Donk,1
Manaus/AM - Brazil,1
"Richardson, TX",1
?????-????????? ,1
www.safyan.site,1
"Parkersburg, West Virginia",1
"SF Bay Area, United States",1
Rusty Pub,1
Denver Colorado,1
hillegom,1
Beer diet,1
"Hershey, PA. Chocolatetown USA",1
"York, PA ",1
"Wilmington, NC ~ The Port City",1
LA,1
Lloret de Mar,1
Kamensk-shahtinskiy,1
"Seregno, Italy",1
Gate 51 ,1
japan,1
"Ramsgate, Kent UK.",1
Millersville,1
Westy Rock City,1
Kansas City,1
"Ayrshire, Scotland",1
??? ??? ?????),1
SP,1
???????-???????,1
"Krasnodar, Russia",1
From KAZAN,1
Landshut,1
Nizghniy Novgorod,1
???? ,1
Cheboksary,1
Ukhta,1
West Walker,1
"Kursk, Russia",1
Ceará - Brazil,1
Novara Italy,1
Bexleyheath,1
"CA, Los angeles ",1
"Summerside, PEI",1
Historic Warwick U.K.,1
WHITTIER CA ,1
Campina Grande - PB - Brasil,1
Hyde Park,1
Las Vegas / Henderson,1
Eureka illinois ,1
Beer Manager @ Empire Wine & Spirits,1
In the sky,1
"Virginia Beach, VA",1
Oklahoma,1
"Orewa, New Zealand",1
Horseheads ,1
"Deale, MD",1
Saint Augustine,1
"Buena Park, CA",1
Sunny Belfield out of lockdown,1
Broomfield Colorado all day,1
Sainte madeleine,1
Norwich ,1
Tambov ,1
Serebronx,1
Wroclaw ,1
Serebryanka,1
Komsomolsk,1
Turkey,1
America’s High Five State,1
Nottingham UK,1
"Chino Valley, AZ",1
Sergiyev Posad,1
Somewhere laughing,1
"Traverse City, MI",1
New Haven Ct,1
Helsinki / Tallinn,1
203,1
"Dolgoprudniy, MO",1
Glassboro NJ,1
Maplewood Brewery & Distillery,1
"Wilmington,NC",1
IG - The_h0perator,1
"Highland, NY",1
Moskva ,1
"Lévis,QC",1
Nürnberg ,1
United states ,1
Ronneby,1
Chester-le-Street & North Shields ,1
It Varies,1
The Moon,1
?stanbul ,1
"Montfoort, Utrecht",1
3 Taps + a huge selecction of Craft Beer,1
"Ufa, Russia ",1
"Somerville, MA",1
Los bandidos bar,1
Keswick,1
"San leandro, ca",1
Transkarpatia,1
Wiltshire,1
Genova,1
Grand Rapids MI,1
"Amsterdam, Netherlands",1
@cervezas.y.yo (Currently in San Salvador) ,1
Vestjylland,1
"Russia, Perm'",1
"Bangor, Gwynedd",1
"Bolshëvo, Moskovskaya Oblast', Russia",1
"Philadelphia, PA, USA",1
Russia. Krasnodar,1
"Pyatigorsk, Russia",1
"Frisco, TX",1
Helsinki Finland,1
Hod hasharon,1
"Ellicottville, NY",1
BEERTRIP.RU,1
Everett,1
"Kitchener, Ontario",1
Iracemápolis/SP - Brasil,1
Valkenswaard,1
"Wheatfield, NY",1
"Green Bay, Wisconsin",1
Central NY,1
Ruse // Bulgaria ,1
Vaasa,1
"Sofia, Bulgaria",1
Eburg,1
Belgium South of Brussels,1
The LBC,1
Prestons' place,1
Canet de Mar - Catalunya,1
"Fitchburg, MA",1
Slupsk,1
"arlington, VA",1
Check my last check in - could be anywhere ,1
Kirishi,1
moscow city,1
London / Rio ,1
Catral ,1
Murmansk,1
Gasthaus der Coddington,1
Brooklyn ,1
Estonia,1
Köniz,1
"Pordenone ,Italy",1
"Honolulu, HI ",1
Padova - Verona - Treviso,1
New  Jersey,1
Cirkus Brandtman ,1
37206,1
Kyiv ,1
"Holly Springs, NC",1
Hampshire,1
Dunkerque,1
"Fort wayne, Indiana",1
Oxford,1
Milwaukee ,1
"West Stockbridge, MA",1
Marysville Wa Planet Earth,1
"Dithmarschen, Germany ",1
"The ""Locker"" ",1
Kentucky ,1
"Dallas, TX ",1
Houston,1
Great Plains,1
Lower Paxton Twp PA,1
Bay Area/Butte County,1
Aarhus,1
Boneshire,1
Belgrade ,1
Rostov-in-Jungle,1
"The Hague, Netherlands",1
Santo André - SP,1
tallinn,1
Helsinki ,1
Gôteborg,1
"Stavanger, Rogaland, Norway",1
Cuyahoga falls,1
"Charleston, South Carolina",1
Pargolovo,1
"SC, Greenville",1
Dirty Jerz,1
Venlo,1
plano,1
"Eden prairie, MN",1
RUSSIA,1
98012,1
The great PNW,1
Stockholm Kingdom of Sweden,1
"Kailua, HI",1
"Albany, NY",1
"Ft. Lauderdale, FL",1
holon,1
Namur,1
East Clock Town,1
Yavne,1
"Worcester, MA",1
ukraine,1
"Battle Ground, WA",1
"San Francisco, CA",1
Best Coast,1
"Johnstown, Pa",1
East London,1
Wait... Where am I?,1
"Heeze, NL / Chorzów, PL",1
"Niterói, RJ",1
Bristol,1
Burntwood,1
Sweden Tumba/Stockholm/Instagram:Justbeer70,1
Warrington ,1
"Bryne, Norway",1
Mei Dahom,1
"chilwell, nottingham",1
Napanee,1
Lockout Law City,1
"Appling,Georgia",1
"A galaxy far, far away.....",1
"Rosemount, MN",1
"Oklahoma City, OK",1
Bristol CT,1
"Fullerton, CA",1
"Rogers, AR",1
Rijen,1
Genève Switzerland,1
Bryan/College Station Texas,1
"Inverness, Florida",1
Oklahoma City,1
OKC,1
Caserta,1
"LaGrange, KY",1
Groningen,1
"Poland,  Ostrzeszow ",1
Limburg,1
"hollywood, FL",1
"San Antonio, Texas, USA",1
"Antwerp, Belgium. Back to Belgium via USA. Made in Britain.",1
Utrecht,1
"Campina Grande, PB, Brasil",1
Nuremberg,1
Curitiba,1
NZ,1
Japan/Shinsyu/Matsumoto,1
"Huntington Beach, CA",1
Washington,1
"Oshawa, ON",1
Santa Ana,1
Cypress,1
Het Bourgondische Brabant - The Netherlands,1
Hopalicious Valley,1
Arturo Moronte's,1
"Royal Oak, MI",1
"Sachse, TX",1
Reservoir,1
Columbus ,1
"Norwich,  Uk",1
"Denver, CO ",1
"New london, WI",1
BrisVegas,1
"Ostrander,  oh",1
"Columbus, Ohio",1
Fargo ,1
"Columbus, OH ",1
"Prague, Czech Republic",1
Surry Hills NSW ,1
Alabama,1
Nottingham GB,1
The Hague,1
"Godmanchester , QC.ca.",1
Attleboro,1
MD,1
"Hamilton, Oh",1
"Boynton Beach, FL",1
Folkestone / London,1
Firenze,1
"Merrimack, NH",1
"South Coventry, PA",1
"Greater Worcester, MA",1
São Paulo - Brasil,1
"Portland, Maine USA",1
"Lynn, MA",1
"Dan's Pedro, Lost Angeles, The People's Republic of Kommiefornia",1
Goose Creek SC,1
Mexico City,1
Ede,1
"Athens, GA",1
Gettysburg PA,1
"Sterling,  IL",1
Kuala lumpur,1
"North Liberty, Iowa",1
south florida ,1
Dayton,1
BOOMER SOONER,1
Berisso,1
Margaritaville ,1
Sao Paulo,1
"De Klinge, Belgium",1
Luxury Village Resort,1
Umeå sweden,1
Methuen,1
Numansdorp,1
"Gilbert, AZ",1
Lexington KY.,1
Svenneby,1
Stoke ,1
"Galway, Ireland",1
"Lee's Summit, MO",1
Harborne,1
"Goleta, California",1
Melbourne Australia ?? ,1
Chiba,1
"Auburn, Washington",1
????????? ,1
Anapa,1
SVOI,1
Maisons laffitte,1
Taipei,1
HANGZHOU,1
127.0.0.1,1
Taiwan,1
Hong Kong and Taiwan,1
"Osaka, Japan",1
?????????? ???????? ??????,1
Nederland,1
Carpi,1
"Fairhope, AL",1
DC2,1
Slagelse,1
Pasárgada,1
Wierden / The Netherlands,1
Kastrup,1
Julianadorp,1
SF,1
Aix-les-Bains,1
"Hesse, Germany",1
Ettenhausen,1
"Mexicali, México",1
"Nottingham, UK",1
Albany New York ,1
Boston and San Francisco,1
"Oldenzaal,The Netherlands",1
"Ciudad del Este, Paraguay",1
Algona,1
Perth ,1
Gomel Sovetskaya 4,1
"Clearwater, FL",1
Dnirpo,1
"Chillicothe, OH",1
Sheffield ,1
Newark OH,1
Bacchus Marsh,1
"Columbus, OH",1
liberty lake,1
"Greensboro, NC via Saginaw,MI",1
Aachen,1
Monument Co,1
Lehigh Valley,1
"Uithoorn, the Netherlands",1
"Second Star to the right, and straight on until morning. ",1
"Grand Forks, ND",1
"fargo, nd 58102",1
Novi Sad,1
"Millstadt, IL",1
Kennett Square,1
Huddersfield UK,1
Greeley CO,1
"Chojnice, Poland ",1
Montpellier,1
"Sweden, Gothenburg",1
Darmstadt,1
"Oblivion, MD",1
North Aurora,1
Russia Chelyabinsk,1
"Sofia, BG",1
Richmond Va,1
"Ahrensburg, Deutschland",1
Paradise City,1
Heidelberg GER,1
Tivoli-Haus,1
Nijmegen,1
"Indianapolis, IN",1
"Bentonville, AR",1
"Goodyear, AZ",1
"Everett, Wa",1
Albuquerque,1
"Columbia, SC ",1
"Correggio, Reggio Emilia",1
Rayzan',1
